DMS ID,Viral Family,Virus,Protein,Author,Title,Year,Assay,Type,In ProteinGym,Sequence
LASSA_GP_Carr,Arenaviridae,Lassa ,GP,Carr,Deep mutational scanning reveals functional constraints and antibody-escape potential of Lassa virus glycoprotein complex,2024,fitness,Eukaryotic virus,No,MGQIVTFFQEVPHVIEEVMNIVLIALSVLAVLKGLYNFATCGLVGLVTFLLLCGRSCTTSLYKGVYELQTLELNMETLNMTMPLSCTKNNSHHYIMVGNETGLELTLTNTSIINHKFCNLSDAHKKNLYDHALMSIISTFHLSIPNFNQYEAMSCDFNGGKISVQYNLSHSYAGDAANHCGTVANGVLQTFMRMAWGGSYIALDSGRGNWDCIMTSYQYLIIQNTTWEDHCQFSRPSPIGYLGLLSQRTRDIYISRRLLGTFTWTLSDSEGKDTPGGYCLTRWMLIEAELKCFGNTAVAKCNEKHDEEFCDMLRLFDFNKQAIQRLKAEAQMSIQLINKAVNALINDQLIMKNHLRDIMGIPYCNYSKYWYLNHTTTGRTSLPKCWLVSNGSYLNETHFSDDIEQQADNMITEMLQKEYMERQGKTPLGLVDLFVFSTSFYLISIFLHLVKIPTHRHIVGKSCPKPHRLNHMGICSCGLYKQPGVPVKWKR
PESV_POLG_Tsuboyama,Caliciviridae,Porcine enteric sapovirus,POLG,Tsuboyama,Mega-scale experimental analysis of protein folding stability in biology and design,2023,stability,Eukaryotic virus,Yes,ALRDDEYDEWQDIIRDWRKEMTVQQFLDLKERALSGASDPDSQRYNAWLELRA
SARS2_PLPRO_Wu_abundance,Coronaviridae,SARS-CoV-2,PLPRO,Wu,"Mutational profiling of SARS-CoV-2 papain-like protease reveals requirements for function, structure, and drug escape",2024,abundance,Eukaryotic virus,No,MEVRTIKVFTTVDNINLHTQVVDMSMTYGQQFGPTYLDGADVTKIKPHNSHEGKTFYVLPNDDTLRVEAFEYYHTTDPSFLGRYMSALNHTKKWKYPQVNGLTSIKWADNNCYLATALLTLQQIELKFNPPALQDAYYRARAGEAANFCALILAYCNKTVGELGDVRETMSYLFQHANLDSCKRVLNVVCKTCGQQQTTLKGVEAVMYMGTLSYEQFKKGVQIPCTCGKQATKYLVQQESPFVMMSAPPAQYELKHGTFTCASEYTGNYQCGHYKHITSKETLYCIDGALLTKSSEYKGPITDVFYKENSYTTTIK
SARS2_PLPRO_Wu_activity,Coronaviridae,SARS-CoV-2,PLPRO,Wu,"Mutational profiling of SARS-CoV-2 papain-like protease reveals requirements for function, structure, and drug escape",2024,activity,Eukaryotic virus,No,MEVRTIKVFTTVDNINLHTQVVDMSMTYGQQFGPTYLDGADVTKIKPHNSHEGKTFYVLPNDDTLRVEAFEYYHTTDPSFLGRYMSALNHTKKWKYPQVNGLTSIKWADNNCYLATALLTLQQIELKFNPPALQDAYYRARAGEAANFCALILAYCNKTVGELGDVRETMSYLFQHANLDSCKRVLNVVCKTCGQQQTTLKGVEAVMYMGTLSYEQFKKGVQIPCTCGKQATKYLVQQESPFVMMSAPPAQYELKHGTFTCASEYTGNYQCGHYKHITSKETLYCIDGALLTKSSEYKGPITDVFYKENSYTTTIK
SARS2_PRD0038_RBD_Starr,Coronaviridae,Bat coronavirus PRD0038,RBD,Starr,https://github.com/tstarrlab/SARSr-CoV-RBD_DMS,2023,expression,Eukaryotic virus,No,MKFFILLSLLPFATAQEGCGILSNKSKPALTQYSSSRRGFYYFDDTFRSSVRVLTTGYFLPFNSNLTGYSSRNAVTGRLIQFDNPNIPFKDGLYFAATERSNVIRGWIFGSTLDNTTQSAVLFNNGTHIVINVCNFYFCQDPMLTVANGSHYKSWVFLNATNCTYNRVHAFEIDPSLNTGAFIHLREHVFRNVDGFLYVYHNYERANVYDNFPSGFSVLKPILKLPFGLNITQFKVIMTLFSPTTSSFNADASVYFVGHLKPLTMLAEFDENGTITDAVDCSQDPLSELKCTTKSLTVEKGIYQTSNFRVSPSTEVVRFPNITNLCPFGQVFNASKFPSVYAWERLRISDCVADYSVLYNSSSSFSTFKCYGVSPTKLNDLCFSSVYADYFVVKGDDVRQIAPAQTGVIADYNYKLPDDFTGCVLAWNTNSVDSKQGNNFYYRLFRHGKIKPYERDISNVLYNSAGGTCSSTSQLGCYEPLKSYGFTPTVGVGYQPYRVVVLSFELLNAPATVCGPKKSTELVKNKCVNFNFNGLTGTGVLTSSTKKFQPFQQFGRDVSDFTDSVRDPKTLEILDISPCSYGGVSVITPGTNTSKAVAVLYQDVNCTDVPTMLHVEQVSTDWRVYALSADGNMFQTQAGCLVGATYENSTYECDIPIGAGICAKFGSNKLRLESIVAYTMSIGEDQSIAYSNNTIAIPTNFSISVTTEVLPVSMTKTSVDCNMYICGDSTECSNLLLQYGSFCTQLNRALSGIAVEQDRNTRDVFAQTKAIYKTPNIKDFGGFNFSQILPDPKKPSYRSFIEDLLYNKVTLSDPGFMKQYGDCLGGINARDLICAQKFNGLTVLPPLLTDDMIAAYTAALISGTATAGYTFGAGAALQIPFAMQMAYRFNGIGVTQNVLYENQKQIANQFNNAISKIQDSLTTTSAALGKLQDVINQNAVALNTLVKQLSSNFGAISSVLNDILSRLDKVEAEVQIDRLITGRLQSLQTYVTQQLIRAAEIRASANLAATKMSECVLGQSKRVDFCGKGYHLMSFPQAAPHGVVFLHVTYVPSQQQNFTTAPAICHNGKAYFPREGVFVMNGTHWFITQRNFYSPQVITTDNTFESGSCDVVIGIVNNTVYDPLQPELESFKQELDKYFKNHTSPDVDLGDISGINASVVDIKKEIAHLNEIAKNLNESLIDLQELGKYEQYVKWPWYVWLGFVAGIVAILMSVIMLCCMTNCCSCFKGMCSCGSCCKFDEDHSEPILKGVKLHYP
SARS2_MRPO_Flynn,Coronaviridae,SARS-CoV-2,MRPO,Flynn,Comprehensive fitness landscape of SARS-CoV-2 Mpro reveals insights into viral resistance mechanisms,2022,fitness,Eukaryotic virus,Yes,SGFRKMAFPSGKVEGCMVQVTCGTTTLNGLWLDDVVYCPRHVICTSEDMLNPNYEDLLIRKSNHNFLVQAGNVQLRVIGHSMQNCVLKLKVDTANPKTPKYKFVRIQPGQTFSVLACYNGSPSGVYQCAMRPNFTIKGSFLNGSCGSVGFNIDYDCVSFCYMHHMELPTGVHAGTDLEGNFYGPFVDRQTAQAAGTDTTITVNVLAWLYAAVINGDRWFLNRFTTTLNDFNLVAMKYNYEPLTQDHVDILGPLSAQTGIAVLDMCASLKELLQNGMNGRTILGSALLEDEFTPFDVVRQCSGVTFQ
RmYN02_RBD_Starr,Coronaviridae,Bat coronavirus RmYN02,RBD,Starr,https://github.com/tstarrlab/SARSr-CoV-RBD_DMS,2023,expression,Eukaryotic virus,No,MFILLLIGYTAATTCVTGPTTENKQNVSSLMRGVYYPDDIYRSNVNVLFTVPFLRFNSTLTWYNFWNQAYTSRVMEFGDGIYFSTVDKSNAVRGWIFGTTLDNTTQSALLINNGSLVTIQVCYFQFCANPAFLVAGGQQTSAAVYISSHNCTYSEVLSHISLDFTEDTGSFKRLREFVFKNNDGFLHIYGAYEPHVIGIGVTPSLPSTFKPLIPLWKLPLGLNITNFKVVLTFRSNSQPLQANFAVGSLKLTTFMLSFDINGTIDKAVDCSSDPLSELKCTLKSFNVSKGIYPTSNFRVLPSTEVVRFPNITNFCPFDKVFNATRFPNVYAWQRTKISDCIADYTVLYNSTSFSTFKCYGVSPSKLIDLCFTSVYADTFLIRFSEVRQIAPGETGVIADYNYKLPDDFTGCVLAWNTAQQDIGSYFYRSHRAVKLKPFERDLSSDENGVRTLSTYDFNPNVPLDYQATRVVVLSFELLNAPATVCGPKLST
RsYN04_RBD_Starr,Coronaviridae,Bat coronavirus RsYN04,RBD,Starr,https://github.com/tstarrlab/SARSr-CoV-RBD_DMS,2023,expression,Eukaryotic virus,No,MFILLLLPIVLAQQDSCNHIVQLPNSMVRGVYNSGSKVYYPDDINRVSTSILFNDYFLPFNSNLTNRQTLGNTNNNRFDVFTEPFLDGVYFAATEHSNVLRGWIFGTSFTNTTQSALFYNNGTNVVIEVCNFNFCLVPRVHALPNGSSISYIYTSKANCTYTYVSQSFSLNGAICSSNCDKFKDFREFIFKYSEGFLHVYSGYKAISQGNGFVPSFSALKPFGKFPIGILVTNFSVILTSFYHDSTTTKLAASSLFYGHLRPITMLLQYDENGTIYNAIDCSQDPLSELKCSLKAVNVSKGIYQTSNFRVTPSQSVARYPNITNLCPFSQVFNATRFPSVYAWTRERISNCIADYSVLYNSTSFSTFRCYGVSPTKLNDLCFSNVYADSMVVRGDEVRQIAPSQTGVIADYNYKLPDDFTGCVIAWNSKAKDENGQYFYRLFRKSKLLPFQRDVSNVTYGSGKNDGCNPSEADCYWPLLKYGFTSSVSQDYQPYRVVVLSFELLNAPATVCGPKRST
SARS2_XBB15_RBD_Taylor,Coronaviridae,SARS-CoV-2 XBB.1.5,RBD,Taylor,Deep mutational scans of XBB.1.5 and BQ.1.1 reveal ongoing epistatic drift during SARS-CoV-2 evolution | PLOS Pathogens,2023,expression,Eukaryotic virus,No,MFVFLVLLPLVSSQCVNLITRTQSYTNSFTRGVYYPDKVFRSSVLHSTQDLFLPFFSNVTWFHAIHVSGTNGTKRFDNPALPFNDGVYFASTEKSNIIRGWIFGTTLDSKTQSLLIVNNATNVVIKVCEFQFCNDPFLDVYQKNNKSWMESEFRVYSSANNCTFEYVSQPFLMDLEGKEGNFKNLREFVFKNIDGYFKIYSKHTPINLERDLPQGFSALEPLVDLPIGINITRFQTLLALHRSYLTPVDSSSGWTAGAAAYYVGYLQPRTFLLKYNENGTITDAVDCALDPLSETKCTLKSFTVEKGIYQTSNFRVQPTESIVRFPNITNLCPFHEVFNATTFASVYAWNRKRISNCVADYSVIYNFAPFFAFKCYGVSPTKLNDLCFTNVYADSFVIRGNEVSQIAPGQTGNIADYNYKLPDDFTGCVIAWNSNKLDSKPSGNYNYLYRLFRKSKLKPFERDISTEIYQAGNKPCNGVAGPNCYSPLQSYGFRPTYGVGHQPYRVVVLSFELLHAPATVCGPKKSTNLVKNKCVNFNFNGLTGTGVLTESNKKFLPFQQFGRDIADTTDAVRDPQTLEILDITPCSFGGVSVITPGTNTSNQVAVLYQGVNCTEVPVAIHADQLTPTWRVYSTGSNVFQTRAGCLIGAEYVNNSYECDIPIGAGICASYQTQTKSHRRARSVASQSIIAYTMSLGAENSVAYSNNSIAIPTNFTISVTTEILPVSMTKTSVDCTMYICGDSTECSNLLLQYGSFCTQLKRALTGIAVEQDKNTQEVFAQVKQIYKTPPIKYFGGFNFSQILPDPSKPSKRSFIEDLLFNKVTLADAGFIKQYGDCLGDIAARDLICAQKFNGLTVLPPLLTDEMIAQYTSALLAGTITSGWTFGAGAALQIPFAMQMAYRFNGIGVTQNVLYENQKLIANQFNSAIGKIQDSLSSTASALGKLQDVVNHNAQALNTLVKQLSSKFGAISSVLNDILSRLDKVEAEVQIDRLITGRLQSLQTYVTQQLIRAAEIRASANLAATKMSECVLGQSKRVDFCGKGYHLMSFPQSAPHGVVFLHVTYVPAQEKNFTTAPAICHDGKAHFPREGVFVSNGTHWFVTQRNFYEPQIITTDNTFVSGNCDVVIGIVNNTVYDPLQPELDSFKEELDKYFKNHTSPDVDLGDISGINASVVNIQKEIDRLNEVAKNLNESLIDLQELGKYEQYIKWPWYIWLGFIAGLIAIVMVTIMLCCMTSCCSCLKGCCSCGSCCK
SARS2_BA1_SPIKE_Dadonaite,Coronaviridae,SARS-CoV-2 BA.1,SPIKE,Dadonaite,A pseudovirus system enables deep mutational scanning of the full SARS-CoV-2 spike,2023,fitness,Eukaryotic virus,No,MFVFLVLLPLVSSQCVNLTTRTQLPPAYTNSFTRGVYYPDKVFRSSVLHSTQDLFLPFFSNVTWFHVISGTNGTKRFDNPVLPFNDGVYFASIEKSNIIRGWIFGTTLDSKTQSLLIVNNATNVVIKVCEFQFCNDPFLDHKNNKSWMESEFRVYSSANNCTFEYVSQPFLMDLEGKQGNFKNLREFVFKNIDGYFKIYSKHTPIIVREPEDLPQGFSALEPLVDLPIGINITRFQTLLALHRSYLTPGDSSSGWTAGAAAYYVGYLQPRTFLLKYNENGTITDAVDCALDPLSETKCTLKSFTVEKGIYQTSNFRVQPTESIVRFPNITNLCPFDEVFNATRFASVYAWNRKRISNCVADYSVLYNLAPFFTFKCYGVSPTKLNDLCFTNVYADSFVIRGDEVRQIAPGQTGNIADYNYKLPDDFTGCVIAWNSNKLDSKVSGNYNYLYRLFRKSNLKPFERDISTEIYQAGNKPCNGVAGFNCYFPLRSYSFRPTYGVGHQPYRVVVLSFELLHAPATVCGPKKSTNLVKNKCVNFNFNGLKGTGVLTESNKKFLPFQQFGRDIADTTDAVRDPQTLEILDITPCSFGGVSVITPGTNTSNQVAVLYQGVNCTEVPVAIHADQLTPTWRVYSTGSNVFQTRAGCLIGAEYVNNSYECDIPIGAGICASYQTQTKSHRRARSVASQSIIAYTMSLGAENSVAYSNNSIAIPTNFTISVTTEILPVSMTKTSVDCTMYICGDSTECSNLLLQYGSFCTQLKRALTGIAVEQDKNTQEVFAQVKQIYKTPPIKYFGGFNFSQILPDPSKPSKRSFIEDLLFNKVTLADAGFIKQYGDCLGDIAARDLICAQKFKGLTVLPPLLTDEMIAQYTSALLAGTITSGWTFGAGAALQIPFAMQMAYRFNGIGVTQNVLYENQKLIANQFNSAIGKIQDSLSSTASALGKLQDVVNHNAQALNTLVKQLSSKFGAISSVLNDIFSRLDKVEAEVQIDRLITGRLQSLQTYVTQQLIRAAEIRASANLAATKMSECVLGQSKRVDFCGKGYHLMSFPQSAPHGVVFLHVTYVPAQEKNFTTAPAICHDGKAHFPREGVFVSNGTHWFVTQRNFYEPQIITTDNTFVSGNCDVVIGIVNNTVYDPLQPELDSFKEELDKYFKNHTSPDVDLGDISGINASVVNIQKEIDRLNEVAKNLNESLIDLQELGKYEQYIKWPWYIWLGFIAGLIAIVMVTIMLCCMTSCCSCLKGCCSCGS
SARS2_DELTA_SPIKE_Dadonaite,Coronaviridae,SARS-CoV-2 Delta,SPIKE,Dadonaite,A pseudovirus system enables deep mutational scanning of the full SARS-CoV-2 spike,2023,fitness,Eukaryotic virus,No,MFVFLVLLPLVSSQCVNLRTRTQLPPAYTNSFTRGVYYPDKVFRSSVLHSTQDLFLPFFSNVTWFHAIHVSGTNGTKRFDNPVLPFNDGVYFASTEKSNIIRGWIFGTTLDSKTQSLLIVNNATNVVIKVCEFQFCNDPFLDVYYHKNNKSWMESGVYSSANNCTFEYVSQPFLMDLEGKQGNFKNLREFVFKNIDGYFKIYSKHTPINLVRDLPQGFSALEPLVDLPIGINITRFQTLLALHRSYLTPGDSSSGWTAGAAAYYVGYLQPRTFLLKYNENGTITDAVDCALDPLSETKCTLKSFTVEKGIYQTSNFRVQPTESIVRFPNITNLCPFGEVFNATRFASVYAWNRKRISNCVADYSVLYNSASFSTFKCYGVSPTKLNDLCFTNVYADSFVIRGDEVRQIAPGQTGKIADYNYKLPDDFTGCVIAWNSNNLDSKVGGNYNYRYRLFRKSNLKPFERDISTEIYQAGSKPCNGVEGFNCYFPLQSYGFQPTNGVGYQPYRVVVLSFELLHAPATVCGPKKSTNLVKNKCVNFNFNGLTGTGVLTESNKKFLPFQQFGRDIADTTDAVRDPQTLEILDITPCSFGGVSVITPGTNTSNQVAVLYQGVNCTEVPVAIHADQLTPTWRVYSTGSNVFQTRAGCLIGAEHVNNSYECDIPIGAGICASYQTQTNSRRRARSVASQSIIAYTMSLGAENSVAYSNNSIAIPTNFTISVTTEILPVSMTKTSVDCTMYICGDSTECSNLLLQYGSFCTQLNRALTGIAVEQDKNTQEVFAQVKQIYKTPPIKDFGGFNFSQILPDPSKPSKRSFIEDLLFNKVTLADAGFIKQYGDCLGDIAARDLICAQKFNGLTVLPPLLTDEMIAQYTSALLAGTITSGWTFGAGAALQIPFAMQMAYRFNGIGVTQNVLYENQKLIANQFNSAIGKIQDSLSSTASALGKLQNVVNQNAQALNTLVKQLSSNFGAISSVLNDILSRLDKVEAEVQIDRLITGRLQSLQTYVTQQLIRAAEIRASANLAATKMSECVLGQSKRVDFCGKGYHLMSFPQSAPHGVVFLHVTYVPAQEKNFTTAPAICHDGKAHFPREGVFVSNGTHWFVTQRNFYEPQIITTDNTFVSGNCDVVIGIVNNTVYDPLQPELDSFKEELDKYFKNHTSPDVDLGDISGINASVVNIQKEIDRLNEVAKNLNESLIDLQELGKYEQYIKWPWYIWLGFIAGLIAIVMVTIMLCCMTSCCSCLKGCCSCGS
SARS2_RBD_Starr_binding,Coronaviridae,SARS-CoV-2,RBD,Starr,Deep Mutational Scanning of SARS-CoV-2 Receptor Binding Domain Reveals Constraints on Folding and ACE2 Binding,2020,binding,Eukaryotic virus,Yes,MFVFLVLLPLVSSQCVNLTTRTQLPPAYTNSFTRGVYYPDKVFRSSVLHSTQDLFLPFFSNVTWFHAIHVSGTNGTKRFDNPVLPFNDGVYFASTEKSNIIRGWIFGTTLDSKTQSLLIVNNATNVVIKVCEFQFCNDPFLGVYYHKNNKSWMESEFRVYSSANNCTFEYVSQPFLMDLEGKQGNFKNLREFVFKNIDGYFKIYSKHTPINLVRDLPQGFSALEPLVDLPIGINITRFQTLLALHRSYLTPGDSSSGWTAGAAAYYVGYLQPRTFLLKYNENGTITDAVDCALDPLSETKCTLKSFTVEKGIYQTSNFRVQPTESIVRFPNITNLCPFGEVFNATRFASVYAWNRKRISNCVADYSVLYNSASFSTFKCYGVSPTKLNDLCFTNVYADSFVIRGDEVRQIAPGQTGKIADYNYKLPDDFTGCVIAWNSNNLDSKVGGNYNYLYRLFRKSNLKPFERDISTEIYQAGSTPCNGVEGFNCYFPLQSYGFQPTNGVGYQPYRVVVLSFELLHAPATVCGPKKSTNLVKNKCVNFNFNGLTGTGVLTESNKKFLPFQQFGRDIADTTDAVRDPQTLEILDITPCSFGGVSVITPGTNTSNQVAVLYQDVNCTEVPVAIHADQLTPTWRVYSTGSNVFQTRAGCLIGAEHVNNSYECDIPIGAGICASYQTQTNSPRRARSVASQSIIAYTMSLGAENSVAYSNNSIAIPTNFTISVTTEILPVSMTKTSVDCTMYICGDSTECSNLLLQYGSFCTQLNRALTGIAVEQDKNTQEVFAQVKQIYKTPPIKDFGGFNFSQILPDPSKPSKRSFIEDLLFNKVTLADAGFIKQYGDCLGDIAARDLICAQKFNGLTVLPPLLTDEMIAQYTSALLAGTITSGWTFGAGAALQIPFAMQMAYRFNGIGVTQNVLYENQKLIANQFNSAIGKIQDSLSSTASALGKLQDVVNQNAQALNTLVKQLSSNFGAISSVLNDILSRLDKVEAEVQIDRLITGRLQSLQTYVTQQLIRAAEIRASANLAATKMSECVLGQSKRVDFCGKGYHLMSFPQSAPHGVVFLHVTYVPAQEKNFTTAPAICHDGKAHFPREGVFVSNGTHWFVTQRNFYEPQIITTDNTFVSGNCDVVIGIVNNTVYDPLQPELDSFKEELDKYFKNHTSPDVDLGDISGINASVVNIQKEIDRLNEVAKNLNESLIDLQELGKYEQYIKWPWYIWLGFIAGLIAIVMVTIMLCCMTSCCSCLKGCCSCGSCCKFDEDDSEPVLKGVKLHYT
SARS2_RBD_Starr_expression,Coronaviridae,SARS-CoV-2,RBD,Starr,Deep Mutational Scanning of SARS-CoV-2 Receptor Binding Domain Reveals Constraints on Folding and ACE2 Binding,2020,expression,Eukaryotic virus,Yes,MFVFLVLLPLVSSQCVNLTTRTQLPPAYTNSFTRGVYYPDKVFRSSVLHSTQDLFLPFFSNVTWFHAIHVSGTNGTKRFDNPVLPFNDGVYFASTEKSNIIRGWIFGTTLDSKTQSLLIVNNATNVVIKVCEFQFCNDPFLGVYYHKNNKSWMESEFRVYSSANNCTFEYVSQPFLMDLEGKQGNFKNLREFVFKNIDGYFKIYSKHTPINLVRDLPQGFSALEPLVDLPIGINITRFQTLLALHRSYLTPGDSSSGWTAGAAAYYVGYLQPRTFLLKYNENGTITDAVDCALDPLSETKCTLKSFTVEKGIYQTSNFRVQPTESIVRFPNITNLCPFGEVFNATRFASVYAWNRKRISNCVADYSVLYNSASFSTFKCYGVSPTKLNDLCFTNVYADSFVIRGDEVRQIAPGQTGKIADYNYKLPDDFTGCVIAWNSNNLDSKVGGNYNYLYRLFRKSNLKPFERDISTEIYQAGSTPCNGVEGFNCYFPLQSYGFQPTNGVGYQPYRVVVLSFELLHAPATVCGPKKSTNLVKNKCVNFNFNGLTGTGVLTESNKKFLPFQQFGRDIADTTDAVRDPQTLEILDITPCSFGGVSVITPGTNTSNQVAVLYQDVNCTEVPVAIHADQLTPTWRVYSTGSNVFQTRAGCLIGAEHVNNSYECDIPIGAGICASYQTQTNSPRRARSVASQSIIAYTMSLGAENSVAYSNNSIAIPTNFTISVTTEILPVSMTKTSVDCTMYICGDSTECSNLLLQYGSFCTQLNRALTGIAVEQDKNTQEVFAQVKQIYKTPPIKDFGGFNFSQILPDPSKPSKRSFIEDLLFNKVTLADAGFIKQYGDCLGDIAARDLICAQKFNGLTVLPPLLTDEMIAQYTSALLAGTITSGWTFGAGAALQIPFAMQMAYRFNGIGVTQNVLYENQKLIANQFNSAIGKIQDSLSSTASALGKLQDVVNQNAQALNTLVKQLSSNFGAISSVLNDILSRLDKVEAEVQIDRLITGRLQSLQTYVTQQLIRAAEIRASANLAATKMSECVLGQSKRVDFCGKGYHLMSFPQSAPHGVVFLHVTYVPAQEKNFTTAPAICHDGKAHFPREGVFVSNGTHWFVTQRNFYEPQIITTDNTFVSGNCDVVIGIVNNTVYDPLQPELDSFKEELDKYFKNHTSPDVDLGDISGINASVVNIQKEIDRLNEVAKNLNESLIDLQELGKYEQYIKWPWYIWLGFIAGLIAIVMVTIMLCCMTSCCSCLKGCCSCGSCCKFDEDDSEPVLKGVKLHYT
DENV_POLG_Suphatrakul,Flaviviridae,Dengue virus,POLG,Suphatrakul,Functional analysis of flavivirus replicase by deep mutational scanning of dengue NS5,2023,fitness,Eukaryotic virus,Yes,GTGNIGETLGEKWKSRLNALGKSEFQIYKKSGIQEVDRTLAKEGIKRGETDHHAVSRGSAKLRWFVERNMVTPEGKVVDLGCGRGGWSYYCGGLKNVREVKGLTKGGPGHEEPIPMSTYGWNLVRLQSGVDVFFIPPEKCDTLLCDIGESSPNPTVEAGRTLRVLNLVENWLNNNTQFCIKVLNPYMPSVIEKMEALQRKYGGALVRNPLSRNSTHEMYWVSNASGNIVSSVNMISRMLINRFTMRYKKATYEPDVDLGSGTRNIGIESEIPNLDIIGKRIEKIKQEHETSWHYDQDHPYKTWAYHGSYETKQTGSASSMVNGVVRLLTKPWDVVPMVTQMAMTDTTPFGQQRVFKEKVDTRTQEPKEGTKKLMKITAEWLWKELGKKKTPRMCTREEFTRKVRSNAALGAIFTDENKWKSAREAVEDSRFWELVDKERNLHLEGKCETCVYNMMGKREKKLGEFGKAKGSRAIWYMWLGARFLEFEALGFLNEDHWFSRENSLSGVEGEGLHKLGYILRDVSKKEGGAMYADDTAGWDTRITLEDLKNEEMVTNHMEGEHKKLAEAIFKLTYQNKVVRVQRPTPRGTVMDIISRRDQRGSGQVGTYGLNTFTNMEAQLIRQMEGEGVFKSIQHLTITEEIAVQNWLARVGRERLSRMAISGDDCVVKPLDDRFASALTALNDMGKIRKDIQQWEPSRGWNDWTQVPFCSHHFHELIMKDGRVLVVPCRNQDELIGRARISQGAGWSLRETACLGKSYAQMWSLMYFHRRDLRLAANAICSAVPSHWVPTSRTTWSIHAKHEWMTTEDMLTVWNRVWIQENPWMEDKTPVESWEEIPYLGKREDQWCGSLIGLTSRATWAKNIQAAINQVRSLIGNEEYTDYMPSMKRFRREEEEAGVLW
IAV_H1_HA_Doud,Orthomyxoviridae,Influenza A virus H1N1,H1,Doud,Accurate Measurement of the Effects of All Amino-Acid Mutations on Influenza Hemagglutinin,2016,fitness,Eukaryotic virus,Yes,MKAKLLVLLYAFVATDADTICIGYHANNSTDTVDTILEKNVAVTHSVNLLEDSHNGKLCKLKGIAPLQLGKCNITGWLLGNPECDSLLPARSWSYIVETPNSENGACYPGDLIDYEELREQLSSVSSLERFEIFPKESSWPNHTFNGVTVSCSHRGKSSFYRNLLWLTKKGDSYPKLTNSYVNNKGKEVLVLWGVHHPSSSDEQQSLYSNGNAYVSVASSNYNRRFTPEIAARPKVRDQHGRMNYYWTLLEPGDTIIFEATGNLIAPWYAFALSRGFESGIITSNASMHECNTKCQTPQGAINSNLPFQNIHPVTIGECPKYVRSTKLRMVTGLRNIPSIQYRGLFGAIAGFIEGGWTGMIDGWYGYHHQNEQGSGYAADQKSTQNAINGITNKVNSVIEKMNTQFTAVGKEFNNLEKRMENLNKKVDDGFLDIWTYNAELLVLLENERTLDFHDLNVKNLYEKVKSQLKNNAKEIGNGCFEFYHKCDNECMESVRNGTYDYPKYSEESKLNREKIDGVKLESMGVYQILAIYSTVASSLVLLVSLGAISFWMCSNGSLQCRICI
IAV_H1_HA_Wu,Orthomyxoviridae,Influenza A virus H1N1,H1,Wu,High-throughput profiling of influenza A virus hemagglutinin gene at single-nucleotide resolution,2014,fitness,Eukaryotic virus,Yes,MKAKLLVLLYAFVATDADTICIGYHANNSTDTVDTILEKNVAVTHSVNLLEDSHNGKLCKLKGIAPLQLGKCNITGWLLGNPECDSLLPARSWSYIVETPNSENGACYPGDLIDYEELREQLSSVSSLERFEIFPKESSWPNHTFNGVTVSCSHRGKSSFYRNLLWLTKKGDSYPKLTNSYVNNKGKEVLVLWGVHHPSSSDEQQSLYSNGNAYVSVASSNYNRRFTPEIAARPKVRDQHGRMNYYWTLLEPGDTIIFEATGNLIAPWYAFALSRGFESGIITSNASMHECNTKCQTPQGAINSNLPFQNIHPVTIGECPKYVRSTKLRMVTGLRNIPSIQYRGLFGAIAGFIEGGWTGMIDGWYGYHHQNEQGSGYAADQKSTQNAINGITNKVNSVIEKMNTQFTAVGKEFNNLEKRMENLNKKVDDGFLDIWTYNAELLVLLENERTLDFHDLNVKNLYEKVKSQLKNNAKEIGNGCFEFYHKCDNECMESVRNGTYDYPKYSEESKLNREKIDGVKLESMGVYQILAIYSTVASSLVLLVSLGAISFWMCSNGSLQCRICI
IAV_PB2_Soh,Orthomyxoviridae,Influenza A virus H1N1,PB2,Soh,Comprehensive mapping of adaptation of the avian influenza polymerase protein PB2 to humans,2019,fitness,Eukaryotic virus,Yes,MERIKELRDLMSQSRTREILTKTTVDHMAIIKKYTSGRQEKNPALRMKWMMAMKYPITADKRIMEMIPERNEQGQTLWSKTNDAGSDRVMVSPLAVTWWNRNGPTTSTVHYPKVYKTYFEKVERLKHGTFGPVHFRNQVKIRRRVDINPGHADLSAKEAQDVIMEVVFPNEVGARILTSESQLTITREKKEELQDCKIAPLMVAYMLERELVRKTRFLPVAGGTSSVYIEVLHLTQGTCWEQMYTPGGEVRNDDVDQSLIIAARNIVRRATVSADPLASLLEMCHSTQIGGIRMVDILRQNPTEEQAVDICKAAMGLRISSSFSFGGFTFKRTSGSSVKREEEVLTGNLQTLKIRVHEGYEEFTMVGRRATAILRKATRRLIQLIVSGRDEQSIAEAIIVALVFSQEDCMIKAVRGDLNFVNRANQRLNPMHQLLRHFQKDAKVLFQNWGIEPIDNVMGMIGILPDMTPSTEMSLRGIRVSKMGVDEYSSTERVVVSIDRFLRVRDQRGNVLLSPEEVSETQGTEKLTITYSSSMMWEINGPESVLVNTYQWIIRNWETVKIQWSQDPTMLYNKMEFEPFQSLVPKAARGQYSGFVRTLFQQMRDVLGTFDTVQIIKLLPFAAAPPEQSRMQFSSLTVNVRGSGMRILVRGNSPVFNYNKATKRLTVLGKDAGALTEDPDEGTAGVESAVLRGFLILGKEDKRYGPALSINELSNLAKGEKANVLIGQGDVVLVMKRKRDSSILTDSQTATKRIRMAIN
IAV_H3_HA_Lee,Orthomyxoviridae,Influenza A virus H3N2,H3,Lee,Deep mutational scanning of hemagglutinin helps predict evolutionary fates of human H3N2 influenza variants,2018,fitness,Eukaryotic virus,Yes,MKTIIALSYILCLVFAQKLPGNDNSTATLCLGHHAVPNGTIVKTITNDQIEVTNATELVQSSSTGEICDSPHQILDGKNCTLIDALLGDPQCDDFQNKKWDLFVERSKAYSNCYPYDVPDYASLRSLVASSGTLEFNNESFNWTGVTQNGTSSACIRRSKNSFFSRLNWLTHLNFKYPALNVTMPNNEQFDKLYIWGVLHPGTDKDQIFLYAQASGRITVSTKRSQQIVSPNIGSRPRVRNIPSRISIYWTIVKPGDILLINSTGNLIAPRGYFKIRSGKSSIMRSDAPIGKCNSECITPNGSIPNDKPFQNVNRITYGACPRYVKQNTLKLATGMRNVPEKQTRGIFGAIAGFIENGWEGMVDGWYGFRHQNSEGRGQAADLKSTQAAIDQINGKLNRLIGKTNEKFHQIEKEFSEVEGRIQDLEKYVEDTKIDLWSYNAELLVALENQHTIDLTDSEMNKLFEKTKKQLRENAEDMGNGCFKIYHKCDNACIGSIRNGTYDHDVYRDEALNNRFQIKGVELKSGYKDWILWISFAISCFLLCVALLGFIMWACQKGNIRCNICI
IAV_H5_HA_Dadonaite,Orthomyxoviridae,Influenza A virus H5N1,H5,Dadonaite,Deep mutational scanning of H5 hemagglutinin to inform influenza virus surveillance,2024,fitness,Eukaryotic virus,No,MENIVLLLAIVSLVKSDQICIGYHANNSTEQVDTIMEKNVTVTHAQDILEKTHNGKLCDLNGVKPLILKDCSVAGWLLGNPMCDEFIRVPEWSYIVERANPANDLCYPGSLNDYEELKHMLSRINHFEKILIIPKSSWPNHETSLGVSAACPYQGAPSFFRNVVWLIKKNDAYPTIKISYNNTNREDLLILWGIHHSNNAEEQTNLYKNPTTYISVGTSTLNQRLAPKIATRSQVNGQRGRMDFFWTILKPDDAIHFESNGNFIAPEYAYKIVKKGDSTIMKSGVEYGHCNTKCQTPVGAINSSMPFHNIHPLTIGECPKYVKSNKLVLATGLRNSPLREKRRKRGLFGAIAGFIEGGWQGMVDGWYGYHHSNEQGSGYAADKESTQKAIDGVTNKVNSIIDKMNTQFEAVGREFNNLERRIENLNKKMEDGFLDVWTYNAELLVLMENERTLDFHDSNVKNLYDKVRLQLRDNAKELGNGCFEFYHKCDNECMESVRNGTYDYPQYSEEARLKREEISGVKLESVGTYQILSIYSTAASSLALAIMMAGLSLWMCSNGSLQCRICI
IAV_H3_NP_Doud,Orthomyxoviridae,Influenza A virus H1N1,NP,Doud,Site-Specific Amino Acid Preferences Are Mostly Conserved in Two Closely Related Protein Homologs,2015,fitness,Eukaryotic virus,Yes,MASQGTKRSYEQMETDGERQNATEIRASVGKMIDGIGRFYIQMCTELKLSDYEGRLIQNSLTIERMVLSAFDERRNKYLEEHPSAGKDPKKTGGPIYKRVDRKWMRELVLYDKEEIRRIWRQANNGDDATAGLTHMMIWHSNLNDTTYQRTRALVRTGMDPRMCSLMQGSTLPRRSGAAGAAVKGVGTMVMELIRMIKRGINDRNFWRGENGRKTRSAYERMCNILKGKFQTAAQRAMMDQVRESRNPGNAEIEDLIFLARSALILRGSVAHKSCLPACVYGPAVASGYDFEKEGYSLVGIDPFKLLQNSQVYSLIRPNENPAHKSQLVWMACNSAAFEDLRVLSFIRGTKVSPRGKLSTRGVQIASNENMDAMESSTLELRSRYWAIRTRSGGNTNQQRASAGQISVQPAFSVQRNLPFDKPTIMAAFTGNTEGRTSDMRAEIIRMMEGAKPEEMSFQGRGVFELSDERAANPIVPSFDMSNEGSYFFGDNAEEYDN
IAV_H1_NP_Doud,Orthomyxoviridae,Influenza A virus H1N1,NP,Doud,Site-Specific Amino Acid Preferences Are Mostly Conserved in Two Closely Related Protein Homologs,2015,fitness,Eukaryotic virus,Yes,MASQGTKRSYEQMETDGERQNATEIRASVGKMIGGIGRFYIQMCTELKLSDYEGRLIQNSLTIERMVLSAFDERRNKYLEEHPSAGKDPKKTGGPIYRRVNGKWMRELILYDKEEIRRIWRQANNGDDATAGLTHMMIWHSNLNDATYQRTRALVRTGMDPRMCSLMQGSTLPRRSGAAGAAVKGVGTMVMELVRMIKRGINDRNFWRGENGRKTRIAYERMCNILKGKFQTAAQKAMMDQVRESRNPGNAEFEDLTFLARSALILRGSVAHKSCLPACVYGPAVASGYDFEREGYSLVGIDPFRLLQNSQVYSLIRPNENPAHKSQLVWMACHSAAFEDLRVLSFIKGTKVLPRGKLSTRGVQIASNENMETMESSTLELRSRYWAIRTRSGGNTNQQRASAGQISIQPTFSVQRNLPFDRTTIMAAFNGNTEGRTSDMRTEIIRMMESARPEDVSFQGRGVFELSDEKAASPIVPSFDMSNEGSYFFGDNAEEYDN
IAV_NA_Jiang,Orthomyxoviridae,Influenza A virus H3N2,,Jiang,A Balance between Inhibitor Binding and Substrate Processing Confers Influenza Drug Resistance,2016,binding,Eukaryotic virus,Yes,MNPNQKIITIGSICMVVGIISLILQIGNIISIWISHSIQTGNQNHTGICNQGIITYNVVAGQDSTSVILTGNSSLCPIRGWAIHSKDNGIRIGSKGDVFVIREPFISCSHLECRTFFLTQGALLNDKHSNGTVKDRSPYRALMSCPVGEAPSPYNSRFESVAWSASACHDGMGWLTIGISGPDNGAVAVLKYNGIITETIKSWRKKILRTQESECTCVNGSCFTIMTDGPSNGLASYKIFKIEKGKVTKSIELNAPNSHYEECSCYPDTGKVMCVCRDNWHGSNRPWVSFDQNLDYQIGYICSGVFGDNPRPKDGPGSCGPVSADGANGVKGFSYRYGNGVWIGRTKSDSSRHGFEMIWDPNGWTETDSRFSVRQDVVAMTDRSGYSGSFVQHPELTGLDCMRPCFWVELIRGRPEEETIWTSGSIISFCGVNSDTVDWSWPDGAELPFTIDK
IAV_PA_Wu,Orthomyxoviridae,Influenza A virus H1N1,PA,Wu,Functional Constraint Profiling of a Viral Protein Reveals Discordance of Evolutionary Conservation and Functionality,2015,fitness,Eukaryotic virus,Yes,MEDFVRQCFNPMIVELAEKAMKEYGEDLKIETNKFAAICTHLEVCFMYSDFHFIDEQGESIVVELGDPNALLKHRFEIIEGRDRTIAWTVVNSICNTTGAEKPKFLPDLYDYKKNRFIEIGVTRREVHIYYLEKANKIKSEKTHIHIFSFTGEEMATKADYTLDEESRARIKTRLFTIRQEMASRGLWDSFRQSERGEETIEERFEITGTMRKLADQSLPPNFSSLEKFRAYVDGFEPNGYIEGKLSQMSKEVNARIEPFLKSTPRPLRLPDGPPCSQRSKFLLMDALKLSIEDPSHEGEGIPLYDAIKCMRTFFGWKEPNVVKPHEKGINPNYLLSWKQVLAELQDIENEEKIPRTKNMKKTSQLKWALGENMAPEKVDFDDCKDVGDLKQYDSDEPELRSLASWIQNEFNKACELTDSSWIELDEIGEDAAPIEHIASMRRNYFTAEVSHCRATEYIMKGVYINTALLNASCAAMDDFQLIPMISKCRTKEGRRKTNLYGFIIKGRSHLRNDTDVVNFVSMEFSLTDPRLEPHKWEKYCVLEVGDMLLRSAIGHVSRPMFLYVRTNGTSKIKMKWGMEMRRCLLQSLQQIESMIEAESSVKEKDMTKEFFENKSETWPVGESPKGVEEGSIGKVCRTLLAKSVFNSLYASPQLEGFSAESRKLLLIVQALRDNLEPGTFDLGGLYEAIEECLINDPWVLLNASWFNSFLTHALR
IAV_RDRP_Li,Orthomyxoviridae,Influenza A virus H1N1,RDRP,Li,Deep mutational scanning reveals the functional constraints and evolutionary potential of the influenza A virus PB1 protein,2023,fitness,Eukaryotic virus,Yes,MDVNPTLLFLKVPAQNAISTTFPYTGDPPYSHGTGTGYTMDTVNRTHQYSERGRWTTNTETGAPQLNPIDGPLPEDNEPSGYAQTDCVLEAMAFLEESHPGIFETSCLETMEVVQQTRVDKLTQGRQTYDWTLNRNQPAATALANTIEVFRSNGLTANESGRLIDFLKDVMESMNKEEMEITTHFQRKRRVRDNMTKKMVTQRTIGKRKQRLNKRSYLIRALTLNTMTKDAERGKLKRRAIATPGMQIRGFVYFVETLARSICEKLEQSGLPVGGNEKKAKLANVVRKMMTNSQDTEISFTITGDNTKWNENQNPRMFLAMITYITRNQPEWFRNVLSIAPIMFSNKMARLGKGYMFESKSMKIRTQIPAEMLASIDLKYFNDSTRKKIEKIRPLLIDGTASLSPGMMMGMFNMLSTVLGVSILNLGQKRHTKTTYWWDGLQSSDDFALIVNAPNHEGIQAGVNRFYRTCKLLGINMSKKKSYINRTGTFEFTSFFYRYGFVANFSMELPSFGVSGINESADMSIGVTVIKNNMINNDLGPATAQMALQLFIKDYRYTYRCHRGDTQIQTRRSFEIKKLWEQTHSKAGLLVSDGGPNLYNIRNLHIPEVCLKWELMDEDYQGRLCNPLNPFVNHKDIESVNNAVIMPAHGPAKNMEYDAVATTHSWIPKRNRSILNTSQRGILEDEQMYQKCCNLFEKFFPSSSYRRPVGISSMVEAMVSRARIDARIDFESGRIKKEEFTEIMKICSTIEELRRQK
NIPAH_F_Larsen,Paramyxoviridae,Nipah Henipavirus,F,Larsen,Functional and antigenic landscape of the Nipah virus receptor-binding protein,2025,fitness,Eukaryotic virus,No,MPAENKKVRFENTTSDKGKIPSKVIKSYYGTMDIKKINEGLLDSKILSAFNTVIALLGSIVIIVMNIMIIQNYTRSTDNQAVIKDALQGIQQQIKGLADKIGTEIGPKVSLIDTSSTITIPANIGLLGSKISQSTASINENVNEKCKFTLPPLKIHECNISCPNPLPFREYRPQTEGVSNLVGLPNNICLQKTSNQILKPKLISYTLPVVGQSGTCITDPLLAMDEGYFAYSHLERIGSCSRGVSKQRIIGVGEVLDRGDEVPSLFMTNVWTPPNPNTVYHCSAVYNNEFYYVLCAVSTVGDPILNSTYWSGSLMMTRLAVKPKSNGGGYNQHQLALRSIEKGRYDKVMPYGPSGIKQGDTLYFPAVGFLVRTEFKYNDSNCPITKCQYSKPENCRLSMGIRPNSHYILRSGLLKYNLSDGENPKVVFIEISDQRLSIGSPSKIYDSLGQPVFYQASFSWDTMIKFGDVLTVNPLVVNWRNNTVISRPGQSQCPRFNTCPEICWEGVYNDAFLIDRINWISAGVFLDSNQTAENPVFTVFKDNEILYRAQLASEDTNAQKTITNCFLLKNKIWCISLVEIYDTGDNVIRPKLFAVKIPEQCT
AAV2_CAPSD_Sinai,Parvoviridae,Adeno-associated virus 2,CAPSD,Sinai,Generative AAV capsid diversification by latent interpolation,2021,fitness,Eukaryotic virus,Yes,MAADGYLPDWLEDTLSEGIRQWWKLKPGPPPPKPAERHKDDSRGLVLPGYKYLGPFNGLDKGEPVNEADAAALEHDKAYDRQLDSGDNPYLKYNHADAEFQERLKEDTSFGGNLGRAVFQAKKRVLEPLGLVEEPVKTAPGKKRPVEHSPVEPDSSSGTGKAGQQPARKRLNFGQTGDADSVPDPQPLGQPPAAPSGLGTNTMATGSGAPMADNNEGADGVGNSSGNWHCDSTWMGDRVITTSTRTWALPTYNNHLYKQISSQSGASNDNHYFGYSTPWGYFDFNRFHCHFSPRDWQRLINNNWGFRPKRLNFKLFNIQVKEVTQNDGTTTIANNLTSTVQVFTDSEYQLPYVLGSAHQGCLPPFPADVFMVPQYGYLTLNNGSQAVGRSSFYCLEYFPSQMLRTGNNFTFSYTFEDVPFHSSYAHSQSLDRLMNPLIDQYLYYLSRTNTPSGTTTQSRLQFSQAGASDIRDQSRNWLPGPCYRQQRVSKTSADNNNSEYSWTGATKYHLNGRDSLVNPGPAMASHKDDEEKFFPQSGVLIFGKQGSEKTNVDIEKVMITDEEEIRTTNPVATEQYGSVSTNLQRGNRQAATADVNTQGVLPGMVWQDRDVYLQGPIWAKIPHTDGHFHPSPLMGGFGLKHPPPQILIKNTPVPANPSTTFSAAKFASFITQYSTGQVSVEIEWELQKENSKRWNPEIQYTSNYNKSVNVDFTVDTNGVYSEPRPIGTRYLTRNL
CVB3_2A_Alvarez,Picornaviridae,Coxsackievirus B3,2A,Álvarez-Rodríguez,Mapping the mutational landscape of a full viral proteome reveals distinct profiles of mutation tolerability | bioRxiv,2024,fitness,Eukaryotic virus,No,GAFGQQSGAVYVGNYRVVNRHLATSADWQNCVWESYNRDLLVSTTTAHGCDIIARCQCTTGVYFCASKNKHYPISFEGPGLVEVQESEYYPRRYQSHVLLAAGFSEPGDCGGILRCEHGVIGIVTMGGEGVVGFADIRDLLWLEDDAMEQ
CVB3_2B_Alvarez,Picornaviridae,Coxsackievirus B3,2B,Álvarez-Rodríguez,Mapping the mutational landscape of a full viral proteome reveals distinct profiles of mutation tolerability | bioRxiv,2024,fitness,Eukaryotic virus,No,GVKDYVEQLGNAFGSGFTNQICEQVNLLKESLVGQDSILEKSLKALVKIISALVIVVRNHDDLITVTATLALIGCTSSPWRWLKQKVSQYYGIPMAERQ
CVB3_2C_Alvarez,Picornaviridae,Coxsackievirus B3,2C,Álvarez-Rodríguez,Mapping the mutational landscape of a full viral proteome reveals distinct profiles of mutation tolerability | bioRxiv,2024,fitness,Eukaryotic virus,No,NNSWLKKFTEMTNACKGMEWIAVKIQKFIEWLKVKILPEVREKHEFLNRLKQLPLLESQIATIEQSAPSQSDQEQLFSNVQYFAHYCRKYAPLYAAEAKRVFSLEKKMSNYIQFKSKCRIEPVCLLLHGSPGAGKSVATNLIGRSLAEKLNSSVYSLPPDPDHFDGYKQQAVVIMDDLCQNPDGKDVSLFCQMVSSVDFVPPMAALEEKGILFTSPFVLASTNAGSINAPTVSDSRALARRFHFDMNIEVISMYSQNGKINMPMSVKTCDDECCPVNFKKCCPLVCGKAIQFIDRRTQVRYSLDMLVTEMFREYNHRHSVGTTLEALFQ
CVB3_3A_Alvarez,Picornaviridae,Coxsackievirus B3,3A,Álvarez-Rodríguez,Mapping the mutational landscape of a full viral proteome reveals distinct profiles of mutation tolerability | bioRxiv,2024,fitness,Eukaryotic virus,No,GPPVYREIKISVAPETPPPPAIADLLKSVDSEAVREYCKEKGWLVPEINSTLQIEKHVSRAFICLQALTTFVSVAGIIYIIYKLFAGFQ
CVB3_3B_Alvarez,Picornaviridae,Coxsackievirus B3,3B,Álvarez-Rodríguez,Mapping the mutational landscape of a full viral proteome reveals distinct profiles of mutation tolerability | bioRxiv,2024,fitness,Eukaryotic virus,No,GAYTGVPNQKPRVPTLRQAKVQ
CVB3_3C_Alvarez,Picornaviridae,Coxsackievirus B3,3C,Álvarez-Rodríguez,Mapping the mutational landscape of a full viral proteome reveals distinct profiles of mutation tolerability | bioRxiv,2024,fitness,Eukaryotic virus,No,GPAFEFAVAMMKRNSSTVKTEYGEFTMLGIYDRWAVLPRHAKPGPTILMNDQEVGVLDAKELVDKDGTNLELTLLKLNRNEKFRDIRGFLAKEEVEVNEAVLAINTSKFPNMYIPVGQVTEYGFLNLGGTPTKRMLMYNFPTRAGQCGGVLMSTGKVLGIHVGGNGHQGFSAALLKHYFNDEQ
CVB3_3D_Alvarez,Picornaviridae,Coxsackievirus B3,3D,Álvarez-Rodríguez,Mapping the mutational landscape of a full viral proteome reveals distinct profiles of mutation tolerability | bioRxiv,2024,fitness,Eukaryotic virus,No,GEIEFIESSKDAGFPVINTPSKTKLEPSVFHQVFEGNKEPAVLRSGDPRLKANFEEAIFSKYIGNVNTHVDEYMLEAVDHYAGQLATLDISTEPMKLEDAVYGTEGLEALDLTTSAGYPYVALGIKKRDILSKKTKDLTKLKECMDKYGLNLPMVTYVKDELRSIEKVAKGKSRLIEASSLNDSVAMRQTFGNLYKTFHLNPGVVTGSAVGCDPDLFWSKIPVMLDGHLIAFDYSGYDASLSPVWFACLKMLLEKLGYTHKETNYIDYLCNSHHLYRDKHYFVRGGMPSGCSGTSIFNSMINNIIIRTLMLKVYKGIDLDQFRMIAYGDDVIASYPWPIDASLLAEAGKGYGLIMTPADKGECFNEVTWTNATFLKRYFRADEQYPFLVHPVMPMKDIHESIRWTKDPKNTQDHVRSLCLLAWHNGEHEYEEFIRKIRSVPVGRCLTLPAFSTLRRKWLDSF
CVB3_VP1_Alvarez,Picornaviridae,Coxsackievirus B3,VP1,Álvarez-Rodríguez,Mapping the mutational landscape of a full viral proteome reveals distinct profiles of mutation tolerability | bioRxiv,2024,fitness,Eukaryotic virus,No,GPVEDAITAAIGRVADTVGTGPTNSEAIPALTAAETGHTSQVVPGDTMQTRHVKNYHSRSESTIENFLCRSACVYFTEYKNSGAKRYAEWVLTPRQAAQLRRKLEFFTYVRFDLELTFVITSTQQPSTTQNQDAQILTHQIMYVPPGGPVPDKVDSYVWQTSTNPSVFWTEGNAPPRMSIPFLSIGNAYSNFYDGWSEFSRNGVYGINTLNNMGTLYARHVNAGSTGPIKSTIRIYFKPKHVKAWIPRPPRLCQYEKAKNVNFQPSGVTTTRQSITTMTNT
CVB3_VP3_Alvarez,Picornaviridae,Coxsackievirus B3,VP3,Álvarez-Rodríguez,Mapping the mutational landscape of a full viral proteome reveals distinct profiles of mutation tolerability | bioRxiv,2024,fitness,Eukaryotic virus,No,GLPTMNTPGSCQFLTSDDFQSPSAMPQYDVTPEMRIPGEVKNLMEIAEVDSVVPVQNVGEKVNSMEAYQIPVRSNEGSGTQVFGFPLQPGYSSVFSRTLLGEILNYYTHWSGSIKLTFMFCGSAMATGKFLLAYSPPGAGAPTKRVDAMLGTHVIWDVGLQSSCVLCIPWISQTHYRFVASDEYTAGGFITCWYQTNIVVPADAQSSCYIMCFVSACNDFSVRLLKDTPFISQQNFFQ
EV_CAPSD_Bakhache,Picornaviridae,Enterovirus A,CAPSD,Bakhache,Uncovering Structural Plasticity of Enterovirus A through Deep Insertional and Deletional Scanning - PMC,2024,fitness,Eukaryotic virus,No,MGSQVSTQRSGSHENSNSATEGSTINYTTINYYKDSYAATAGKQSLKQDPDKFANPVKDIFTEMAAPLKSPSAEACGYSDRVAQLTIGNSTITTQEAANIIVGYGEWPSYCSDSDATAVDKPTRPDVSVNRFYTLDTKLWEKSSKGWYWKFPDVLTETGVFGQNAQFHYLYRSGFCIHVQCNASKFHQGALLVAVLPEYVIGTVAGGTGTEDSHPPYKQTQPGADGFELQHPYVLDAGIPISQLTVCPHQWINLRTNNCATIIVPYINALPFDSALNHCNFGLLVVPISPLDYDQGATPVIPITITLAPMCSEFAGLRQAVTQGFPTELKPGTNQFLTTDDGVSAPILPNFHPTPCIHIPGEVRNLLELCQVETILEVNNVPTNATSLMERLRFPVSAQAGKGELCAVFRADPGRSGPWQSTLLGQLCGYYTQWSGSLEVTFMFTGSFMATGKMLIAYTPPGGPLPKDRATAMLGTHVIWDFGLQSSVTLVIPWISNTHYRAHARDGVFDYYTTGLVSIWYQTNYVVPIGAPNTAYIIALAAAQKNFTMKLCKDASDILQTGTIQGDRVADVIESSIGDSVSRALTRALPAPTGQDTQVSSHRLDTGKVPALQAAEIGASSNASDESMIETRCVLNSHSTAETTLDSFFSRAGLVGEIDLPLEGTTNPNGYANWDIDITGYAQMRRKVELFTYMRFDAEFTFVACTPTGQVVPQLLQYMFVPPGAPKPDSRESLAWQTATNPSVFVKLSDPPAQVSVPFMSPASAYQWFYDGYPTFGEHKQEKDLEYGACPNNMMGTFSVRTVGTSKSKYPLVIRIYMRMKHVRAWIPRPMRNQNYLFKANPNYAGNFIKPTGASRTAITTL
EV_REP_Bakhache,Picornaviridae,Enterovirus A,REP,Bakhache,Uncovering Structural Plasticity of Enterovirus A through Deep Insertional and Deletional Scanning - PMC,2024,fitness,Eukaryotic virus,No,GKFGQQSGAIYVGNFRVVNRHLATHNDWANLVWEDSSRDLLVSSTTAQGCDTIARCNCQTGVYYCNSMRKHYPVSFSKPSLIFVEASEYYPARYQSHLMLAVGHSEPGDCGGILRCQHGVVGIVSTGGNGLVGFADVRDLLWLDDEAMEQGVSDYIKGLGDAFGMGFTDAVSREVEALKSHLIGSEGAVEKILKNLVKLISALVIVIRSDYDMVTLTATLALIGCHGSPWAWVKSKTASILGIPMAQKQSASWLKKFNDAASAAKGLEWISNKISKFIDWLKEKIIPAAKEKVEFLNNLKQLPLLENQISNLEQSAASQEDLEAMFGNVSYLAHFCRKFQPLYATEAKRVYALEKRMNNYMQFKSKHRIEPVCLIIRGSPGTGKSLATGIIARAIADKYHSSVYSLPPDPDHFDGYKQQIVTVMDDLCQNPDGKDMSLFCQMVSTVDFIPPMASLEEKGVSFTSKFVIASTNASNIIVPTVSDSDAIRRRFFMDCDIEVTDSYKTELGRLDAGRAARLCSENNTANFKRCSPLVCGKAIQLRDRKSKVRYSVDTVVSELIREYNNRSVIGNTIEALFQGPPKFRPIRISLEEKPAPDAISDLLASVDSEEVRQYCRDQGWIVPDSPTNVERHLNRAVLIMQSVATVVAVVSLVYVIYKLFAGFQGAYSGAPKQTLKKPVLRTATVQGPSLDFALSLLRRNIRQVQTDQGHFTMLGVRDRLAVLPRHSQPGKTIWVEHKLVKIVDAVELVDEQGVNLELTLVTLDTNEKFRDITRFIPETISPASDATLVINTEHMPSMFVPVGDVVQYGFLNLSGKPTHRTMMYNFPTKAGQCGGVVTAVGKVIGIHIGGNGRQGFCAALKRGYFCSEQGEIQWMKPNKETGRLNINGPTRTKLEPSVFHDVFEGTKEPAVLTSKDPRLEVDFEQALFSKYVGNTLHEPDEFVKEAALHYANQLKQLDIKTTKMSMEDACYGTENLEAIDLHTSAGYPYSALGIKKKDILDPTTRDVSKMKFYMDKYGLDLPYSTYVKDELRAIDKIKKGKSRLIEASSLNDSVYLRMTFGHLYEAFHANPGTITGSAVGCNPDVFWSKLPILLPGSLFAFDYSGYDASLSPVWFRALEIVLREIGYSEDAVSLIEGINHTHHVYRNKTYCVLGGMPSGCSGTSIFNSMINNIIIRTLLIKTFKGIDLDELNMVAYGDDVLASYPFPIDCLELARTGKEYGLTMTPADKSPCFNEVTWENATFLKRGFLPDHQFPFLIHPTMPMREIHESIRWTKDARSTQDHVRSLCLLAWHNGKEEYEKFVSAIRSVPIGKALAIPNYENLRRNWLELF
CVB3_POLG_Mattenberger,Picornaviridae,Coxsackievirus B3,POLG,Mattenberger,Globally defining the effects of mutations in a picornavirus capsid,2021,fitness,Eukaryotic virus,Yes,MGAQVSTQKTGAHETRLNASGNSIIHYTNINYYKDAASNSANRQDFTQDPGKFTEPVKDIMIKSLPALNSPTVEECGYSDRARSITLGNSTITTQECANVVVGYGVWPDYLKDSEATAEDQPTQPDVATCRFYTLDSVQWQKTSPGWWWKLPDALSNLGLFGQNMQYHYLGRTGYTVHVQCNASKFHQGCLLVVCVPEAEMGCATLDNTPSSAELLGGDSAKEFADKPVASGSNKLVQRVVYNAGMGVGVGNLTIFPHQWINLRTNNSATIVMPYTNSVPMDNMFRHNNVTLMVIPFVPLDYCPGSTTYVPITVTIAPMCAEYNGLRLAGHQGLPTMNTPGSCQFLTSDDFQSPSAMPQYDVTPEMRIPGEVKNLMEIAEVDSVVPVQNVGEKVNSMEAYQIPVRSNEGSGTQVFGFPLQPGYSSVFSRTLLGEILNYYTHWSGSIKLTFMFCGSAMATGKFLLAYSPPGAGAPTKRVDAMLGTHVIWDVGLQSSCVLCIPWISQTHYRFVASDEYTAGGFITCWYQTNIVVPADAQSSCYIMCFVSACNDFSVRLLKDTPFISQQNFFQGPVEDAITAAIGRVADTVGTGPTNSEAIPALTAAETGHTSQVVPGDTMQTRHVKNYHSRSESTIENFLCRSACVYFTEYKNSGAKRYAEWVLTPRQAAQLRRKLEFFTYVRFDLELTFVITSTQQPSTTQNQDAQILTHQIMYVPPGGPVPDKVDSYVWQTSTNPSVFWTEGNAPPRMSIPFLSIGNAYSNFYDGWSEFSRNGVYGINTLNNMGTLYARHVNAGSTGPIKSTIRIYFKPKHVKAWIPRPPRLCQYEKAKNVNFQPSGVTTTRQSITTMTNTGAFGQQSGAVYVGNYRVVNRHLATSADWQNCVWESYNRDLLVSTTTAHGCDIIARCQCTTGVYFCASKNKHYPISFEGPGLVEVQESEYYPRRYQSHVLLAAGFSEPGDCGGILRCEHGVIGIVTMGGEGVVGFADIRDLLWLEDDAMEQGVKDYVEQLGNAFGSGFTNQICEQVNLLKESLVGQDSILEKSLKALVKIISALVIVVRNHDDLITVTATLALIGCTSSPWRWLKQKVSQYYGIPMAERQNNSWLKKFTEMTNACKGMEWIAVKIQKFIEWLKVKILPEVREKHEFLNRLKQLPLLESQIATIEQSAPSQSDQEQLFSNVQYFAHYCRKYAPLYAAEAKRVFSLEKKMSNYIQFKSKCRIEPVCLLLHGSPGAGKSVATNLIGRSLAEKLNSSVYSLPPDPDHFDGYKQQAVVIMDDLCQNPDGKDVSLFCQMVSSVDFVPPMAALEEKGILFTSPFVLASTNAGSINAPTVSDSRALARRFHFDMNIEVISMYSQNGKINMPMSVKTCDDECCPVNFKKCCPLVCGKAIQFIDRRTQVRYSLDMLVTEMFREYNHRHSVGTTLEALFQGPPVYREIKISVAPETPPPPAIADLLKSVDSEAVREYCKEKGWLVPEINSTLQIEKHVSRAFICLQALTTFVSVAGIIYIIYKLFAGFQGAYTGVPNQKPRVPTLRQAKVQGPAFEFAVAMMKRNSSTVKTEYGEFTMLGIYDRWAVLPRHAKPGPTILMNDQEVGVLDAKELVDKDGTNLELTLLKLNRNEKFRDIRGFLAKEEVEVNEAVLAINTSKFPNMYIPVGQVTEYGFLNLGGTPTKRMLMYNFPTRAGQCGGVLMSTGKVLGIHVGGNGHQGFSAALLKHYFNDEQGEIEFIESSKDAGFPVINTPSKTKLEPSVFHQVFEGNKEPAVLRSGDPRLKANFEEAIFSKYIGNVNTHVDEYMLEAVDHYAGQLATLDISTEPMKLEDAVYGTEGLEALDLTTSAGYPYVALGIKKRDILSKKTKDLTKLKECMDKYGLNLPMVTYVKDELRSIEKVAKGKSRLIEASSLNDSVAMRQTFGNLYKTFHLNPGVVTGSAVGCDPDLFWSKIPVMLDGHLIAFDYSGYDASLSPVWFACLKMLLEKLGYTHKETNYIDYLCNSHHLYRDKHYFVRGGMPSGCSGTSIFNSMINNIIIRTLMLKVYKGIDLDQFRMIAYGDDVIASYPWPIDASLLAEAGKGYGLIMTPADKGECFNEVTWTNATFLKRYFRADEQYPFLVHPVMPMKDIHESIRWTKDPKNTQDHVRSLCLLAWHNGEHEYEEFIRKIRSVPVGRCLTLPAFSTLRRKWLDSF
BPP22_COAT_Tsuboyama,Podoviridae,Salmonella phage P22,COAT,Tsuboyama,Mega-scale experimental analysis of protein folding stability in biology and design,2023,stability,Phage,Yes,ITGDVSAANKDAIRKQMDAAASKGDVETYRKLKAKLKGIR
BPT7_RPOL_Tsuboyama,Podoviridae,Enterobacteria phage T7,RPOL,Tsuboyama,Mega-scale experimental analysis of protein folding stability in biology and design,2023,stability,Phage,Yes,SLSVDNKKFWATVESSEHSFEVPIYAETLDEALELAEWQYVPAGFEVTRVRPCVAP
HIV1_BF520_ENV_Haddox,Retroviridae,HIV1 BF520,ENV,Haddox,Mapping mutational effects along the evolutionary landscape of HIV envelope,2018,fitness,Eukaryotic virus,Yes,MRVKGIQMNSQHLLRWGIMILGMIMICSVAGNLWVTVYYGVPVWKDAETTLFCASDAKAYDAEVHNIWATHACVPTDPNPQEINLENVTEEFNMWKNNMVEQMHTDIISLWDQGLKPCVKLTPLCVTLDCHNVTYNITSDMKEEITNCSYNVTTVIRDKKQKVSSLFYKLDVVQIGGNNRTNSQYRLINCNTSAITQACPKVTFEPIPIHYCAPAGFAILKCKDEKFNGTGLCKNVSTVQCTHGIKPVVSTQLLLNGSLAEGEVRIRSENITNNAKNIIVQLASPVTINCIRPNNNTRKSVHLGPGQAFYATDGIIGEIRQAHCNVSKKEWNSTLQKVANQLRPYFKNNTIIKFANSSGGDLEITTHSFNCGGEFFYCNTSGLFNSTWEFNSTWNNSNSTENITLQCRIKQIINMWQRAGQAIYAPPIPGVIRCKSNITGLILTRDGGSNKNTSETFRPGGGDMRDNWRSELYKYKVVKIEPIGVAPTRAKRRVVEREKRAVGIGAVFIGFLGAAGSTMGAASVTLTVQARQLLSGIVQQQSNLLRAIEAQQHLLKLTVWGIKQLQARVLAVERYLKDQQLLGIWGCSGKLICTTNVPWNSSWSNKSQDEIWGNMTWLQWDKEVSNYTQIIYTLIEESQNQQEKNEQDLLALDKWASLWNWFNISQWLWYIKIFIIIVGGLIGLRIVFAVLSVINRVRQGYSPLSFQTRTPNPGELDRPGRIEEEGGEQDRGRSIRLVSGFLALAWDDLRSLCLFSYHRLRDFILIATRTVELLGHSSLKGLRLGWESLKYLGNLLVYWGRELKISAINLCDTIAIAVAGWTDRVIELGQRLCRAILHIPRRIRQGFERALL
HIV1_HV1B9_ENV_DuenasDecamp,Retroviridae,HIV1 HV1B9,ENV,Duenas-Decamp,Saturation Mutagenesis of the HIV-1 Envelope CD4 Binding Loop Reveals Residues Controlling Distinct Trimer Conformations,2016,fitness,Eukaryotic virus,Yes,MRVKEIRKNWQHLRGGILLLGMLMICSAAKEKTWVTIYYGVPVWREATTTLFCASDAKAYDTEVHNVWATHACVPTDPNPQEVVLGNVTENFNMWKNNMVDQMHEDIISLWDESLKPCVKLTPLCVTLNCTNLNITKNTTNPTSSSWGMMEKGEIKNCSFYITTSIRNKVKKEYALFNRLDVVPIENTNNTKYRLISCNTSVITQACPKVSFQPIPIHYCVPAGFAMLKCNNKTFNGSGPCTNVSTVQCTHGIRPVVSTQLLLNGSLAEEDIVIRSENFTDNAKTIIVQLNESVVINCTRPNNNTRRRLSIGPGRAFYARRNIIGDIRQAHCNISRAKWNNTLQQIVIKLREKFRNKTIAFNQPSGGDPEIVRHSFNCGGEFFYCNTAQLFNSTWNVTGGTNGTEGNDIITLQCRIKQIINMWQKVGKAMYAPPITGQIRCSSNITGLLLTRDGGNSTETETEIFRPGGGDMRDNWRSELYKYKVVRIEPIGVAPTRAKRRTVQREKRAVGIGAVFLGFLGAAGSTMGAASVTLTVQARLLLSGIVQQQNNLLRAIEAQQHMLQLTVWGIKQLQARVLALERYLRDQQLMGIWGCSGKLICTTSVPWNVSWSNKSVDDIWNNMTWMEWEREIDNYTDYIYDLLEKSQTQQEKNEKELLELDKWASLWNWFDITNWLWYIRLFIMIVGGLIGLRIVFAVLSIVNRVRQGYSPLSFQTLLPASRGPDRPEGTEEEGGERDRDRSGPLVNGFLALFWVDLRNLCLFLYHLLRNLLLIVTRIVELLGRRGWEALKYWWNLLQYWSQELKNSAVSLLNATAIAVAEGTDRVIKIVQRACRAIRNIPTRIRQGLERALL
HIV1_BG505_ENV_Haddox,Retroviridae,HIV1 BG505,ENV,Haddox,Mapping mutational effects along the evolutionary landscape of HIV envelope,2018,fitness,Eukaryotic virus,Yes,MRVMGIQRNCQHLFRWGTMILGMIIICSAAENLWVTVYYGVPVWKDAETTLFCASDAKAYETEKHNVWATHACVPTDPNPQEIHLENVTEEFNMWKNNMVEQMHTDIISLWDQSLKPCVKLTPLCVTLQCTNVTNNITDDMRGELKNCSFNMTTELRDKKQKVYSLFYRLDVVQINENQGNRSNNSNKEYRLINCNTSAITQACPKVSFEPIPIHYCAPAGFAILKCKDKKFNGTGPCPSVSTVQCTHGIKPVVSTQLLLNGSLAEEEVMIRSENITNNAKNILVQFNTPVQINCTRPNNNTRKSIRIGPGQAFYATGDIIGDIRQAHCNVSKATWNETLGKVVKQLRKHFGNNTIIRFANSSGGDLEVTTHSFNCGGEFFYCNTSGLFNSTWISNTSVQGSNSTGSNDSITLPCRIKQIINMWQRIGQAMYAPPIQGVIRCVSNITGLILTRDGGSTNSTTETFRPGGGDMRDNWRSELYKYKVVKIEPLGVAPTRAKRRVVGREKRAVGIGAVFLGFLGAAGSTMGAASMTLTVQARNLLSGIVQQQSNLLRAIEAQQHLLKLTVWGIKQLQARVLAVERYLRDQQLLGIWGCSGKLICTTNVPWNSSWSNRNLSEIWDNMTWLQWDKEISNYTQIIYGLLEESQNQQEKNEQDLLALDKWASLWNWFDISNWLWYIKIFIMIVGGLIGLRIVFAVLSVIHRVRQGYSPLSFQTHTPNPRGLDRPERIEEEDGEQDRGRSTRLVSGFLALAWDDLRSLCLFCYHRLRDFILIAARIVELLGHSSLKGLRLGWEGLKYLWNLLAYWGRELKISAINLFDTIAIAVAEWTDRVIEIGQRLCRAFLHIPRRIRQGLERALL
LAMBDA_HCP_Tsuboyama,Siphoviridae,Enterobacteria phage lambda,HCP,Tsuboyama,Mega-scale experimental analysis of protein folding stability in biology and design,2023,stability,Phage,Yes,VRQEELAAARAALHDLMTGKRVATVQKDGRRVEFTATSVSDLKKYIAELEVQTGM
BP434_RPC1_Tsuboyama,Siphoviridae,Enterobacteria phage 434,RPC1,Tsuboyama,Mega-scale experimental analysis of protein folding stability in biology and design,2023,stability,Phage,Yes,SISSRVKSKRIQLGLNQAELAQKVGTTQQSIEQLENGKTKRPRFLPELASALGVSVDWLLN

